Gene	Mito	ConA	WGA	DAPI	Phalloidin	Sum
AAAS	28	15	43	53	24	171
AAMP	18	13	31	35	84	185
ABCA1	37	19	48	27	33	174
ABCA10	27	21	63	67	26	199
ABCB7	32	20	26	108	20	222
ABCB9	31	17	21	88	19	185
ABCF1	35	23	34	65	71	225
ABLIM3	27	16	25	91	22	185
ABT1	29	14	53	63	37	185
ACBD3	27	21	30	63	22	167
ACBD4	33	23	41	52	37	200
ACO2	45	27	34	28	26	167
ACOT8	54	46	41	19	14	175
ACTB	40	22	59	40	80	240
ACTL6B	24	13	63	25	50	172
ACTR2	21	12	59	38	62	193
ADAM10	34	14	39	54	17	168
ADAM17	29	23	29	68	13	171
ADAMTS18	41	41	38	24	29	183
ADCY5	42	28	45	36	13	177
ADM5	46	17	34	54	53	207
AGAP5	33	16	43	62	20	168
AGPAT5	17	13	27	67	39	176
AHCYL1	36	57	19	44	19	171
AHR	42	33	49	75	16	217
AIMP1	25	19	44	78	22	199
AIP	31	16	45	49	24	168
AJUBA	22	16	35	40	41	167
AK6	21	15	27	67	36	167
AKIRIN1	44	22	55	39	26	183
ALDH1A3	19	20	23	88	15	181
ALDOA	35	20	44	61	30	199
ALG10	51	46	22	62	12	196
ALG11	38	85	56	13	19	193
ALG12	63	37	37	34	18	196
ALG1L	45	50	25	43	14	180
ALMS1	40	18	26	53	33	178
ALPI	41	29	21	64	10	174
ANAPC4	14	10	55	56	31	174
ANKMY1	20	14	16	93	22	167
AP1G2	37	22	57	44	50	224
AP1M1	63	47	39	23	37	197
AP2M1	41	25	102	61	16	246
AP2S1	30	20	24	70	19	173
AP3B1	47	25	25	94	21	220
APC2	26	13	65	18	73	204
APEX2	37	21	33	65	22	183
APOLD1	44	24	20	65	21	181
APRT	61	37	29	62	21	230
APTX	38	40	37	95	24	253
AQP5	36	13	61	68	35	222
AQR	41	29	30	76	15	196
ARF1	46	24	133	53	30	276
ARFGAP2	41	13	65	55	29	201
ARHGAP33	18	14	21	75	46	183
ARHGAP39	34	21	25	63	29	174
ARHGAP42	77	58	26	41	22	228
ARHGEF11	45	31	25	56	15	182
ARHGEF25	52	17	25	103	15	216
ARHGEF33	48	41	23	55	17	184
ARHGEF7	66	24	28	65	36	224
ARID2	39	26	53	67	21	219
ARIH1	25	12	49	27	67	192
ARL10	40	20	41	89	30	220
ARL4A	42	19	39	74	54	239
ARL8B	20	12	46	46	47	175
ARMC5	37	21	22	75	34	193
ARMC7	58	28	65	126	49	331
ARPC4	32	23	120	60	65	296
ARRDC1	35	30	42	46	41	191
ASCC3	16	14	39	76	56	205
ASH2L	21	11	59	35	47	177
ASIC1	23	15	38	62	34	174
ATAD3A	72	22	29	31	24	193
ATP1B3	48	29	30	40	27	178
ATP2C1	30	11	21	98	24	202
ATP5A1	26	27	39	75	18	198
ATP5D	40	25	73	111	42	295
ATP5E	49	27	25	52	20	176
ATP5G2	70	27	45	50	20	218
ATP5J	44	26	32	47	21	184
ATP5J2	48	37	53	57	36	239
ATP5O	32	29	42	104	29	253
ATP6V0B	54	30	121	55	65	326
ATP6V0C	44	30	143	36	34	279
ATP6V0D1	36	19	118	39	30	237
ATP6V1A	27	17	147	29	65	281
ATP6V1B2	30	23	180	46	65	331
ATP6V1C1	37	24	86	28	34	200
ATP6V1D	36	27	84	52	37	224
ATP6V1G1	17	13	95	40	23	178
ATP6V1H	21	11	102	27	39	210
AURKB	34	20	20	56	35	174
AURKC	39	21	47	59	39	202
B4GALNT2	19	17	22	95	30	192
BARD1	53	21	56	66	33	227
BCAR1	32	17	60	40	33	188
BCAT2	30	12	51	74	39	215
BCKDHA	33	17	58	54	38	204
BCL6	38	24	68	55	15	202
BEST3	34	21	33	89	22	222
BHLHA15	22	16	32	18	83	176
BMP7	62	30	29	66	36	222
BNC2	35	16	90	51	29	217
BOLA2-SMG1P6	35	22	32	63	13	169
BPNT1	41	28	33	43	24	187
BRAP	41	28	34	65	48	210
BRD2	44	11	25	97	47	237
BRF1	41	17	33	85	73	249
BRK1	31	16	61	24	36	172
BTF3	73	48	50	79	57	292
BUB3	37	15	59	49	19	183
C12orf45	42	27	57	105	34	259
C12orf56	51	17	20	42	38	177
C12orf66	42	17	29	58	26	183
C16orf72	81	63	62	139	44	407
C17orf49	37	19	38	92	18	207
C17orf67	35	23	39	54	18	181
C19orf12	27	22	52	72	23	197
C19orf53	24	29	56	97	30	242
C19orf54	43	26	39	44	19	182
C1D	24	24	43	44	51	177
C1orf27	54	38	26	57	17	192
C1orf56	55	33	29	133	28	292
C2orf27A	35	25	38	101	21	229
C3orf35	41	19	26	70	30	191
C4orf26	32	22	37	64	16	191
C5AR1	17	13	17	92	51	189
C7orf61	17	16	35	56	91	222
C8orf31	32	18	35	64	30	179
C8orf33	23	14	44	39	36	171
C9orf84	30	20	34	96	13	205
CA13	59	55	25	30	15	177
CA5B	35	23	25	100	38	236
CACNB1	62	40	81	83	27	309
CACNB3	37	34	39	87	36	238
CACNG7	36	20	52	46	19	180
CALCOCO1	25	16	56	36	25	169
CAMKK1	45	22	25	65	21	191
CAMKK2	52	27	22	93	22	219
CAMSAP3	70	56	39	58	25	247
CAPN12	58	41	31	41	29	196
CAPZB	39	20	74	46	106	289
CASC1	44	23	27	68	44	216
CATSPER1	42	20	34	91	16	207
CBWD3	44	25	55	66	20	210
CBWD5	53	27	73	61	37	249
CCAR1	14	8	12	29	105	169
CCDC103	46	20	31	67	20	191
CCDC125	37	24	39	73	28	216
CCDC127	21	18	55	54	24	168
CCDC140	34	15	72	28	24	171
CCDC144NL	26	11	51	39	60	192
CCDC148	24	20	34	88	18	194
CCDC155	27	16	26	109	36	223
CCDC22	23	14	80	33	39	187
CCL24	39	20	30	49	29	177
CCNA2	40	30	31	65	35	207
CCND1	53	21	37	66	25	208
CCNE1	29	22	27	99	15	203
CCNI	25	21	30	75	20	178
CCNI2	33	22	36	62	63	211
CCT2	35	15	43	28	48	177
CCT3	45	19	25	62	28	184
CCT5	33	18	38	69	33	195
CCT7	65	25	27	65	25	205
CCT8	28	18	31	43	46	169
CD101	38	38	23	57	17	176
CD177	36	19	38	77	22	190
CD247	19	21	68	44	31	192
CD300LG	32	15	30	70	31	172
CD63	31	24	32	121	18	243
CDC25B	61	33	44	74	29	246
CDC26	36	20	31	63	22	177
CDC27	45	27	36	61	36	208
CDC45	71	50	62	72	39	303
CDC5L	31	14	42	42	33	169
CDC7	48	35	35	49	20	187
CDH23	28	19	44	29	44	170
CDK1	48	26	30	33	29	180
CDK17	44	23	44	106	31	261
CDK2	42	21	48	47	21	197
CDK2AP1	41	18	45	42	26	172
CDK5RAP1	46	30	30	52	21	183
CDK9	52	36	37	82	47	266
CDT1	44	29	48	67	35	216
CEACAM20	44	23	28	56	24	178
CEBPZ	54	30	46	109	40	282
CELF4	42	27	23	54	19	176
CELF6	33	16	48	43	38	180
CENPBD1	27	13	86	35	19	186
CENPF	51	30	76	82	41	287
CENPK	42	25	81	54	24	227
CENPW	44	32	109	109	48	344
CEP131	26	20	45	60	28	173
CEP89	24	21	44	42	20	171
CES3	41	24	27	66	21	200
CFAP36	56	64	31	30	15	211
CFLAR	35	28	28	46	31	174
CFP	65	40	87	41	19	253
CGB5	31	17	37	39	43	175
CGB7	20	16	33	75	20	170
CGB8	26	16	46	61	18	173
CHAC1	25	15	20	66	27	168
CHAD	37	29	40	55	20	178
CHAF1B	55	28	37	60	26	223
CHERP	30	16	71	43	64	219
CHMP1B	23	29	65	13	41	173
CHMP2A	32	22	39	42	17	167
CHORDC1	40	28	42	88	23	238
CHRFAM7A	35	26	45	42	16	169
CHRNE	20	26	36	80	13	179
CIC	32	25	50	33	28	169
CINP	28	27	39	108	14	227
CITED4	40	18	51	27	25	168
CKAP5	93	82	35	65	19	298
CLDN12	29	16	51	52	35	183
CLDN9	28	21	39	67	19	175
CLIP3	24	20	34	75	34	195
CLP1	57	16	44	115	47	282
CLPTM1L	25	19	23	62	20	167
CLTC	44	22	29	154	25	276
CNIH4	40	23	25	54	30	175
CNOT1	36	22	41	52	35	198
CNOT2	57	19	130	70	64	326
CNOT3	74	30	56	71	75	308
CNPY2	38	18	23	73	32	190
COG4	36	14	101	58	36	239
COLGALT1	28	19	39	59	44	197
COPB2	23	28	25	52	63	202
COPRS	40	15	23	89	23	200
COPS4	46	20	66	53	50	240
COQ6	35	20	36	51	26	174
COQ7	56	35	40	38	31	204
CORO1C	26	23	21	30	90	182
COX14	40	26	34	37	45	180
CPOX	70	49	28	21	14	187
CPQ	30	19	34	58	22	173
CPSF1	24	13	55	39	41	176
CRABP2	23	12	77	38	18	168
CRACR2B	37	22	26	51	23	174
CSE1L	35	31	42	58	63	237
CSNK1A1	39	26	52	59	19	192
CSNK2B	32	14	30	72	41	190
CST6	50	17	78	52	45	255
CTDSP2	24	20	29	57	28	173
CTSH	40	26	42	50	22	193
CYB561	47	29	32	71	18	203
CYB5D1	20	11	31	78	19	172
CYP2A6	21	10	27	60	68	197
CYP4F12	33	15	39	55	32	171
CYTH2	45	23	50	102	35	259
CYTH4	33	23	23	58	33	176
D2HGDH	31	19	25	85	44	211
DAD1	48	57	112	30	61	304
DAPP1	32	23	37	51	22	174
DAZAP2	29	25	65	62	30	213
DBI	45	29	35	49	25	181
DBR1	54	15	49	28	87	230
DCTN2	26	19	50	57	29	177
DCTN5	50	71	120	55	24	329
DCTN6	28	25	59	41	21	170
DDIT3	35	20	54	46	27	186
DDOST	36	26	67	36	25	198
DDX10	63	27	74	80	54	299
DDX11	37	27	28	61	28	193
DDX18	29	15	45	51	40	183
DDX19B	29	17	23	93	17	186
DDX21	22	17	61	35	48	200
DDX23	49	41	27	67	32	216
DDX27	24	25	24	54	48	182
DDX3X	20	13	104	35	36	203
DDX5	22	22	50	54	22	170
DDX51	45	53	35	37	46	225
DDX54	44	30	89	123	62	352
DDX6	38	18	88	95	40	282
DEXI	44	20	35	58	16	185
DGAT1	47	23	29	81	12	195
DGUOK	45	30	47	39	19	183
DHDDS	24	92	78	14	18	213
DHRS1	26	24	40	45	32	173
DHX37	39	24	76	79	47	272
DHX9	31	14	63	80	28	213
DIEXF	25	17	75	35	28	175
DIMT1	59	39	66	86	34	282
DIS3	16	14	38	84	20	176
DKC1	50	24	78	81	26	256
DLGAP5	15	18	22	73	25	168
DLK2	28	16	27	77	24	182
DLX6	33	14	34	52	37	176
DMAP1	17	14	29	37	69	167
DNA2	32	32	30	60	29	197
DNAH17	23	17	30	104	32	202
DNAH3	52	22	45	57	21	194
DNAJB2	19	16	40	62	25	171
DNAJC1	26	18	35	63	28	169
DNAJC14	36	28	41	60	27	207
DNAJC22	37	18	23	82	28	197
DNAJC8	35	19	26	65	39	192
DNAJC9	18	12	48	23	69	178
DNASE2	26	17	26	43	50	174
DNTTIP2	50	21	54	43	31	215
DPYSL5	29	24	27	72	22	187
DRICH1	23	9	63	20	48	172
DSEL	37	17	27	64	31	185
DTD1	36	23	28	65	14	174
DTL	37	22	65	50	36	210
DTWD2	41	20	39	56	22	184
DUSP22	68	81	50	27	31	254
DYNC1I2	103	92	86	90	62	417
DYNLL1	44	35	27	87	31	252
EBLN1	43	40	25	53	12	174
EBNA1BP2	52	35	32	68	40	226
ECH1	49	28	37	44	29	187
ECT2	31	14	22	93	35	204
EDA2R	40	56	25	16	26	167
EDIL3	42	16	60	23	43	187
EEF1B2	42	33	30	85	18	212
EEF1G	91	51	30	46	24	241
EFHD1	22	16	83	26	23	180
EFTUD2	53	25	77	117	33	314
EIF2B1	24	14	44	76	63	225
EIF2B4	28	16	39	102	33	230
EIF3B	34	33	22	61	31	195
EIF3CL	39	21	31	53	104	244
EIF3G	52	19	108	52	85	323
EIF3I	29	34	21	33	67	185
EIF3J	16	12	44	48	51	174
EIF4A3	40	30	29	48	23	187
EIF4B	30	17	49	91	18	209
EIF4G2	50	15	57	41	53	224
EIF5	33	15	89	40	31	205
ELL	44	20	45	91	30	231
ELMO2	29	15	59	80	32	204
ELMOD3	25	27	30	93	35	220
ELOB	103	37	55	178	48	433
ELP5	85	37	67	73	43	309
EML3	35	28	43	60	28	212
EMP1	41	28	33	99	30	238
ENDOG	28	25	34	63	18	182
EP400	30	20	30	61	31	182
EPC2	42	20	25	35	49	173
ERBB3	21	14	20	23	82	167
ERCC2	45	32	31	51	19	195
ERF	32	16	96	27	35	200
ERH	50	42	53	126	21	291
ERVMER34-1	19	20	34	123	43	259
ESPL1	35	20	60	78	31	227
EVA1A	44	11	23	77	18	177
EVA1B	38	20	83	28	23	193
EXD3	44	27	33	92	20	229
EXOSC1	60	46	41	44	31	225
EXOSC10	36	17	41	67	39	203
EXOSC4	36	28	32	51	22	176
EXOSC6	36	24	41	92	31	232
EXOSC7	61	39	46	118	15	286
EXOSC8	62	22	40	66	27	215
EXOSC9	41	17	41	63	45	213
FADS6	35	37	28	63	17	193
FAM106A	32	25	43	78	38	212
FAM117A	46	23	30	90	24	224
FAM151B	52	26	37	42	31	201
FAM157B	22	14	31	60	55	191
FAM173A	46	26	21	51	18	167
FAM186B	52	30	36	69	18	200
FAM20A	38	13	21	73	19	168
FAM222A	29	29	19	82	12	177
FAM231D	27	23	68	68	23	212
FAM49B	45	26	22	51	44	191
FAM72C	55	43	27	60	20	209
FAM72D	26	13	31	87	68	228
FAM89A	24	11	26	85	42	194
FAM98C	32	17	27	45	81	221
FANCG	66	41	22	18	18	171
FARP2	74	68	30	54	28	249
FASN	24	17	34	81	26	180
FAT1	79	20	19	62	23	216
FAU	33	26	24	29	61	190
FBL	55	36	104	131	52	381
FBXL22	29	27	51	40	21	175
FBXL4	66	69	12	19	24	191
FBXO25	37	23	38	53	37	200
FBXO46	28	21	35	99	26	232
FCHO2	37	11	84	100	54	286
FDX1L	32	25	57	77	20	222
FDXR	28	24	26	70	17	173
FETUB	22	16	21	60	19	167
FEZ2	79	43	37	37	28	232
FFAR1	42	22	55	58	44	226
FGD3	26	17	46	56	19	170
FGFBP3	49	16	51	45	62	231
FHOD1	30	18	19	71	16	175
FIBCD1	26	17	30	70	25	177
FKBP1A	50	21	24	46	35	175
FKTN	46	17	19	58	16	168
FLOT2	22	20	25	59	34	179
FNTB	35	13	40	76	19	187
FOPNL	15	12	40	97	16	193
FOSB	26	18	55	44	28	179
FOXD4L1	61	37	49	111	47	299
FOXD4L3	34	20	68	100	21	246
FOXD4L5	22	17	91	42	58	219
FOXN1	42	32	23	67	23	186
FTSJ3	39	17	53	119	18	259
FURIN	40	18	34	110	23	255
FZD3	32	26	38	69	29	204
FZD9	67	30	14	35	21	175
GABRG3	42	17	49	64	59	233
GADD45G	15	15	74	45	25	185
GAGE2D	18	17	31	50	62	183
GALK1	41	24	32	47	19	184
GALNT8	41	23	29	74	25	206
GARS	59	33	26	40	22	181
GATA2	31	20	33	58	32	182
GATA5	32	17	55	37	24	167
GEMIN5	32	15	22	93	14	178
GFER	64	35	30	65	20	222
GFI1B	40	15	31	57	29	175
GJB3	48	20	41	57	32	209
GJC3	35	26	33	51	23	178
GLT8D2	26	17	38	71	24	175
GLTP	53	33	39	48	23	202
GMCL2	16	26	75	29	48	192
GMPPB	40	57	53	16	19	185
GNL3	36	16	34	105	28	229
GNPTG	17	16	24	77	33	168
GOLGA6C	57	51	76	80	42	311
GOLGA6L10	32	17	69	70	24	208
GOLGA6L9	70	88	31	44	14	243
GOLGA8B	24	16	47	55	44	180
GOLGA8F	41	20	53	54	22	188
GOLGA8H	41	19	83	55	32	233
GOLGA8K	45	28	31	120	47	272
GOLGA8O	52	36	50	110	29	285
GON4L	49	28	29	31	27	173
GOT2	27	12	30	41	54	177
GPATCH1	18	17	88	23	14	167
GPATCH11	23	29	51	59	21	191
GPN2	29	22	29	49	56	188
GPR155	50	37	28	38	18	171
GPR75-ASB3	56	48	23	40	16	180
GPRC5C	26	16	39	97	21	200
GPS1	32	14	35	83	24	198
GPT	32	22	60	35	40	199
GRAPL	73	46	25	55	17	212
GRB2	54	40	69	81	25	268
GRHL2	26	12	23	102	13	180
GRIN1	37	29	24	46	21	172
GRIN2C	30	22	51	98	19	221
GRPEL1	41	22	40	46	23	169
GSPT1	29	28	45	56	33	192
GTF2A2	45	27	33	45	14	167
GTF2H1	25	19	39	87	25	207
GTF2H3	53	33	37	58	27	202
GTPBP4	49	35	38	130	21	286
GYS1	20	8	40	66	43	176
H2AFB2	18	13	43	49	39	169
H3F3A	34	27	67	57	65	256
HAUS2	36	22	49	54	45	202
HAUS3	45	27	80	95	31	266
HAUS4	48	20	62	64	24	222
HAUS5	61	32	73	94	34	294
HAUS6	36	24	62	98	32	261
HAUS8	67	34	75	100	55	329
HCK	29	20	34	54	28	177
HCN3	35	16	24	76	20	175
HDAC11	23	19	25	91	47	214
HDAC6	27	20	43	66	21	184
HDAC9	53	33	47	78	11	232
HERC1	32	12	71	27	58	204
HES2	42	28	29	35	31	170
HEXB	26	16	112	33	28	206
HIPK4	34	20	39	84	57	225
HIST1H2AG	35	23	79	22	32	188
HIST1H2BF	30	25	45	41	25	175
HIST2H2AA3	43	27	25	41	16	176
HIST2H2AA4	35	13	58	45	26	180
HIST2H3A	19	21	35	30	59	168
HIST2H3C	36	70	23	26	16	168
HIST2H3D	46	16	57	81	17	225
HIVEP2	24	20	48	73	27	195
HMGB1	49	23	57	46	29	209
HMGCR	43	28	80	108	29	284
HMGN1	29	19	25	80	34	195
HMGN4	38	29	29	48	35	193
HMGN5	28	40	33	53	50	207
HNRNPA3	41	33	39	70	16	204
HNRNPD	30	15	58	29	24	169
HNRNPDL	39	19	36	40	31	173
HNRNPH2	71	53	50	11	18	199
HNRNPL	68	49	23	66	16	236
HNRNPU	30	16	28	38	57	175
HNRNPUL1	27	14	29	77	32	177
HOXB2	57	31	27	59	18	206
HOXC11	21	18	31	85	17	181
HOXC8	29	23	91	63	20	229
HPCAL1	48	28	42	109	24	252
HRH4	47	58	33	21	15	173
HSD17B14	24	18	21	61	32	173
HSD17B7	32	14	67	43	59	213
HSPA5	24	18	43	45	76	204
HSPA9	81	70	46	40	18	247
HSPD1	35	22	31	83	37	229
HSPE1	70	35	65	104	68	347
HUS1	36	21	13	74	15	167
HUWE1	55	41	80	72	26	296
HYOU1	20	19	33	54	46	171
ICE2	34	25	33	65	18	185
IDH2	30	17	46	53	25	174
IDI1	25	21	42	58	28	178
IFFO1	15	19	37	63	27	168
IFITM3	33	21	37	76	41	203
IFNA13	30	22	51	37	29	187
IL5	31	29	33	46	74	218
IL9R	32	45	31	60	29	207
ILF2	32	24	32	46	42	181
ILK	47	20	115	120	62	359
ING3	24	23	35	38	62	184
ING5	36	23	55	50	15	184
INHBE	15	15	33	108	41	215
INTS14	29	19	32	37	58	183
INTS6	24	11	74	35	35	175
INTS9	29	36	21	73	19	189
IRF3	31	18	102	26	60	239
ISCA2	50	25	36	34	17	171
ISG20L2	57	34	105	80	58	334
ITFG2	21	21	28	60	19	170
ITGAV	52	17	38	88	72	277
ITGB5	88	17	143	119	155	531
ITM2C	24	15	37	64	45	200
KANSL1	50	18	101	78	54	296
KANSL2	36	18	64	81	65	283
KAT5	37	20	27	30	94	208
KAT8	54	25	92	113	39	329
KCNC1	25	24	58	72	16	197
KCNH3	40	29	27	46	28	172
KCNH6	37	24	35	57	12	173
KCNJ1	37	29	28	23	39	167
KIAA1958	57	52	22	24	21	179
KIF11	31	19	41	69	26	204
KIF14	32	17	54	58	33	197
KIF18A	43	34	40	41	16	182
KIF23	61	34	91	110	39	340
KIF2C	31	20	22	55	24	171
KIF5A	47	34	50	94	71	300
KIR2DS4	28	20	42	54	26	176
KLF16	32	16	30	80	33	183
KLF3	35	19	74	38	16	178
KLHL21	23	12	27	16	108	184
KLHL41	23	14	41	43	49	183
KLK6	38	25	24	62	23	185
KMT2B	36	29	33	87	28	230
KPNA4	48	19	58	51	21	200
KRR1	32	25	46	121	22	254
KRT16	48	29	46	92	20	247
KRT18	29	21	26	62	20	177
KRT222	46	30	30	53	16	182
KRT78	53	35	37	111	26	274
KRT86	41	17	52	51	25	193
L1TD1	34	25	28	55	26	179
LAMTOR3	43	35	25	43	20	177
LAS1L	40	25	37	72	18	200
LDLRAD2	45	28	36	39	29	189
LDLRAD3	35	23	28	97	21	215
LETMD1	41	27	63	53	24	211
LGALS7	49	25	58	72	26	230
LHX4	39	26	66	53	16	208
LIMS1	25	17	60	59	25	177
LLPH	36	28	37	62	29	196
LMBR1L	31	21	32	57	21	174
LOC100130705	22	16	25	65	47	179
LOC100132202	20	23	47	83	25	200
LOC100652777	41	21	30	50	24	175
LOC100996318	27	15	52	49	44	193
LOC100996379	22	11	78	43	32	182
LOC100996414	42	22	69	62	79	268
LOC100996643	55	24	36	75	22	218
LOC100996911	41	26	56	88	21	232
LOC101060588	51	25	94	75	36	286
LOC101927345	49	24	71	64	27	239
LOC101928095	20	11	26	58	61	183
LOC101929627	35	19	115	57	36	260
LOC101929692	23	13	55	45	31	169
LOC101929959	39	19	30	52	19	168
LOC101930047	35	18	58	48	77	241
LOC102723623	28	14	73	41	33	189
LOC102724642	44	26	37	40	34	179
LOC102724813	60	64	63	89	38	310
LOC105373750	53	28	60	32	12	189
LOC105376525	41	16	69	50	28	202
LOC105376714	56	61	35	27	26	210
LOC105379443	54	22	35	113	22	249
LOC107983983	32	25	55	33	26	176
LOC107984014	32	11	19	72	16	169
LOC107984139	56	48	33	43	18	203
LOC107984341	31	18	77	28	46	212
LOC107985381	37	21	31	78	16	189
LOC107985798	34	39	77	73	44	252
LOC107986113	32	23	67	53	16	191
LOC107986800	43	22	28	66	24	187
LOC107987067	45	23	57	61	29	224
LOC107987372	20	16	25	76	33	170
LOC107987377	28	21	61	48	23	175
LOC107987388	36	23	41	85	22	202
LOC107987389	45	20	38	79	20	210
LOC112267859	42	22	55	50	35	204
LOC112267939	47	24	31	47	23	167
LOC112267959	30	40	16	56	26	171
LOC112267992	45	24	41	72	38	226
LOC112268003	66	23	74	46	71	275
LOC112268137	33	18	82	51	25	196
LOC112268145	32	24	31	34	55	183
LOC112268237	32	23	49	34	35	178
LOC112268284	24	17	58	75	28	204
LOC388436	39	23	32	43	16	170
LOC389831	49	28	53	54	26	208
LOC728026	34	23	23	70	22	191
LOC730098	50	35	36	29	17	175
LOC730268	62	24	43	44	27	211
LRIG3	29	18	36	91	10	184
LRP4	34	18	27	63	28	178
LRR1	42	16	31	52	31	191
LRRC37A	42	28	31	60	25	194
LRRC37B	39	46	69	52	28	245
LRRC49	42	23	44	105	31	252
LSM11	41	22	18	78	12	183
LSM2	76	38	32	47	35	237
LSM4	29	14	25	54	60	198
LSM5	38	14	39	102	25	236
LSM6	54	41	57	118	25	304
LSM7	41	37	45	98	37	275
LSR	34	18	57	32	42	183
LUC7L3	45	15	67	66	19	214
LYNX1	20	16	49	25	63	174
LYNX1-SLURP2	24	15	25	82	34	196
LYRM4	55	29	40	62	29	211
MACROD1	29	13	85	28	19	177
MAGEA2	22	25	29	77	23	177
MAGEL2	27	21	76	36	31	193
MAK16	31	14	32	64	19	172
MAP1LC3A	33	35	51	38	19	176
MAP2K5	21	23	38	50	35	172
MAP3K10	27	17	66	47	34	202
MARS	38	35	22	56	18	182
MAST4	42	26	43	47	52	209
MASTL	44	30	43	63	19	209
MAT2A	51	31	45	85	16	254
MATN4	18	12	20	91	38	181
MAX	67	32	32	31	25	182
MCM5	67	25	38	58	13	201
MCM6	39	29	42	77	28	220
MCM7	69	30	104	106	45	359
MDM4	76	34	51	79	33	275
MECP2	28	21	30	55	19	167
MED1	63	31	65	102	21	298
MED10	39	24	63	51	23	192
MED11	35	21	35	57	80	235
MED22	30	11	42	43	63	193
MED26	40	18	22	39	45	175
MED27	41	13	33	53	31	179
MED30	69	21	94	93	96	375
MED4	25	20	39	53	21	169
MEGF8	38	27	53	63	21	196
MESDC1	21	15	104	17	30	180
METAP1D	35	19	47	44	15	171
METAP2	77	43	29	48	21	235
METTL7A	27	18	96	25	43	210
MFAP1	34	17	51	70	26	201
MGAM	59	33	33	29	15	170
MGARP	27	22	27	75	22	183
MICALL2	19	24	24	56	36	168
MMAB	51	28	38	57	62	234
MME	30	43	42	35	17	169
MMS22L	39	28	49	30	27	175
MOB4	45	54	36	22	18	177
MON1B	31	26	26	48	19	170
MOSPD3	19	7	48	22	96	187
MPG	26	15	45	50	70	207
MPHOSPH10	52	22	46	111	47	287
MPV17L2	43	23	38	55	33	182
MROH6	59	28	32	60	13	197
MRPL11	35	19	26	42	24	173
MRPL13	47	42	19	49	14	172
MRPL34	60	26	22	49	26	187
MRPL38	42	22	40	50	24	181
MRPL42	61	64	24	22	24	189
MRPL46	24	23	49	54	17	169
MRPL49	68	31	54	87	29	287
MRPL50	70	37	50	146	27	345
MRPS17	42	52	40	33	31	200
MRPS21	48	29	64	87	32	271
MRPS22	45	26	21	37	33	167
MRPS23	46	29	29	65	28	198
MRPS34	22	12	50	29	62	175
MRPS35	40	22	25	40	50	184
MT1A	38	31	36	95	23	231
MT1H	29	22	37	59	26	182
MT2A	63	32	40	154	30	333
MTBP	46	21	43	67	42	226
MTCH2	50	52	30	32	24	197
MTCL1	95	82	22	24	22	237
MTMR14	53	33	27	32	15	168
MYC	34	25	41	43	28	171
MYH9	55	22	27	51	38	188
MYL12B	24	20	48	54	22	184
MYL6	41	21	28	95	27	223
MYO9A	26	22	36	34	63	185
MZT2A	44	17	39	53	28	191
NAA10	27	16	13	99	31	203
NACA	31	17	60	57	56	223
NAF1	30	17	48	50	31	169
NARFL	60	34	50	88	25	260
NARR	64	57	36	40	13	224
NASP	31	22	26	71	26	193
NBPF19	34	14	45	51	26	177
NBPF8	48	20	48	31	26	180
NCAPG	39	24	52	54	38	212
NCAPH	22	14	44	64	20	177
NCAPH2	51	21	41	92	46	264
NCKAP5L	45	17	31	64	34	202
NCL	53	33	62	107	31	294
NCOA1	59	49	22	44	19	193
ND2	30	16	50	25	48	173
NDC80	43	15	39	82	24	212
NDN	27	15	38	88	28	197
NDUFA13	46	40	19	67	28	195
NDUFA2	24	19	38	34	66	173
NDUFA9	51	24	26	78	16	192
NDUFB9	37	26	49	79	20	210
NDUFS1	44	54	28	29	46	189
NDUFV1	41	27	35	72	13	189
NDUFV2	27	21	54	95	17	219
NEDD8	40	15	43	62	49	214
NEIL1	39	18	55	67	26	215
NELFA	40	21	32	71	38	214
NEURL4	39	38	54	49	20	201
NFASC	50	27	52	56	16	205
NFATC4	29	24	56	91	26	225
NFYA	51	56	29	41	19	200
NFYB	25	18	20	74	12	171
NGDN	25	21	56	13	41	167
NGLY1	50	22	26	72	30	204
NHP2	24	18	28	106	52	233
NIFK	34	16	42	67	21	185
NIP7	48	23	43	65	33	223
NIPBL	74	31	102	71	104	374
NLE1	91	57	71	150	25	407
NLRC4	32	15	42	63	24	180
NMD3	68	60	34	44	12	222
NME1-NME2	27	20	34	88	20	199
NOB1	46	28	74	99	35	286
NOC4L	37	34	40	106	32	261
NOL10	53	39	41	72	29	228
NOL11	33	24	38	76	30	200
NOL6	35	15	44	55	32	171
NOP10	27	15	32	64	24	169
NOP16	42	24	31	83	48	229
NOP2	40	24	36	85	25	223
NOP56	30	27	73	36	44	208
NOP58	38	29	28	72	29	212
NOS3	32	41	34	33	29	170
NPIPA2	70	56	48	124	31	331
NPIPA3	34	23	28	81	35	216
NPIPB12	40	18	47	83	26	216
NPIPB13	34	21	31	63	21	169
NPW	43	20	36	59	18	175
NR1I2	30	16	37	58	46	181
NR2C1	45	43	29	41	20	180
NRL	31	19	38	99	36	227
NSA2	29	27	79	67	30	239
NSMF	34	24	44	57	27	195
NTN1	14	17	30	56	51	176
NTN5	22	20	21	59	44	168
NUBP2	27	24	24	56	25	168
NUDT18	35	16	26	55	32	182
NUP107	33	14	20	94	19	189
NUS1	56	76	30	53	39	251
NUTM2G	57	30	29	32	19	176
NVL	34	20	25	68	28	179
NXPH4	28	22	30	88	45	219
OAZ2	33	17	43	88	24	211
OGT	61	25	36	33	30	182
OPA1	37	23	56	111	23	265
OPTN	53	37	35	28	29	185
ORC6	32	36	19	49	22	176
OSBPL9	14	10	111	15	23	176
OSCAR	52	39	25	59	24	196
OSGEP	27	19	32	68	21	169
OVOL2	34	17	52	49	40	201
P2RX1	35	42	37	34	29	176
PAFAH1B1	39	49	52	27	17	196
PAK1IP1	63	36	35	111	34	287
PALM	25	14	46	47	30	171
PANK3	27	15	23	75	29	171
PANO1	37	25	30	47	30	180
PAX2	31	16	33	51	26	173
PAXBP1	31	12	36	60	54	199
PCBP2	59	31	67	131	18	315
PCDHA1	28	25	58	79	29	229
PCDHB8	41	27	36	61	21	197
PCED1B	30	22	26	88	24	193
PCGF1	23	20	47	45	33	175
PCNA	44	18	48	53	18	178
PCSK6	43	27	37	109	22	244
PDCD10	39	16	46	23	83	209
PDCD11	31	16	40	83	46	225
PDCD2	54	75	34	69	42	263
PDE4DIP	40	21	74	34	21	186
PDPK1	57	26	31	27	23	174
PES1	50	32	74	100	45	300
PGAM5	45	28	31	61	35	207
PGGT1B	46	29	29	36	33	178
PGM5	42	18	28	61	24	180
PHACTR2	21	16	24	58	35	174
PHAX	21	16	29	76	24	180
PHB	54	39	47	48	31	229
PHB2	59	17	33	69	22	209
PHC1	54	30	28	74	19	211
PHF5A	23	19	35	50	37	171
PIDD1	28	18	29	65	30	180
PIGH	32	10	31	84	20	190
PIGS	63	40	26	55	26	215
PIKFYVE	63	34	46	80	31	254
PIP5KL1	24	16	58	42	24	168
PKDCC	23	15	75	36	18	175
PLA2G10	34	24	27	82	19	196
PLAC9	25	19	31	71	21	175
PLBD2	40	25	21	50	24	167
PLEK	22	10	70	64	45	205
PLK1	42	12	39	44	35	177
PLK4	30	15	86	60	65	256
PLRG1	30	24	35	92	26	222
PMPCB	48	41	38	49	42	203
PNO1	39	18	80	51	22	203
POGZ	22	20	48	24	72	186
POLA2	46	30	68	47	32	228
POLD2	56	26	50	103	29	262
POLD4	37	30	26	64	22	174
POLE	54	43	45	115	20	297
POLE2	45	24	101	45	105	318
POLR1B	41	19	44	61	31	199
POLR2A	24	20	43	78	32	190
POLR2C	27	23	41	50	29	169
POLR2D	24	10	50	34	75	211
POLR2F	32	43	50	32	37	194
POLR2G	38	26	75	54	34	236
POLR2H	27	15	37	76	42	200
POLR2I	50	20	35	51	39	206
POLR2L	39	23	79	105	33	278
POMC	45	53	46	89	15	261
POP1	43	20	36	83	32	228
POP5	41	28	21	63	66	222
POP7	33	23	25	63	21	172
POTEH	35	18	60	53	45	209
POTEM	37	24	27	75	20	186
POU2F2	24	17	44	46	54	190
PPBP	39	24	56	22	33	169
PPIB	44	25	43	49	22	179
PPIH	30	20	62	44	21	177
PPM1F	14	14	27	80	22	167
PPP1CB	27	21	20	30	66	171
PPP1R12A	31	19	29	47	44	179
PPP1R14A	28	16	43	70	23	185
PPP1R14B	47	21	26	111	16	226
PPP1R1A	48	35	32	88	30	235
PPP1R1B	28	14	36	65	33	182
PPP1R3E	108	121	122	38	42	434
PPP2R1A	36	30	28	52	22	174
PPP4C	27	27	49	89	26	215
PRC1	76	58	51	154	31	367
PRDX2	39	18	44	59	15	181
PRELID1	40	14	40	48	19	168
PRIM1	38	21	75	91	28	251
PRIM2	48	54	42	81	21	255
PRKAB1	49	29	35	52	16	190
PRKD3	62	28	26	80	22	222
PRMT5	46	39	49	121	17	282
PROB1	41	23	18	26	58	178
PROCA1	26	18	30	22	54	169
PROCR	43	29	31	108	16	235
PROM2	27	20	27	76	20	181
PRPF3	26	26	23	99	13	206
PRPF31	65	72	22	60	20	247
PRPF38B	32	23	27	78	26	196
PRPF40B	24	19	42	100	29	218
PRPF4B	43	35	33	50	32	211
PRPF6	36	15	19	57	38	179
PRPF8	22	10	51	46	66	195
PRR13	33	17	75	27	21	172
PRR15L	22	11	18	104	26	209
PRR23D1	22	32	39	45	24	168
PRX	42	17	46	49	13	169
PSMA1	38	24	76	21	33	194
PSMA3	32	16	42	51	42	187
PSMA5	58	15	80	57	116	325
PSMA6	52	17	55	73	122	336
PSMA7	27	15	40	69	94	250
PSMB3	44	19	35	52	27	175
PSMB4	42	20	42	43	21	182
PSMB5	22	12	62	37	33	176
PSMB7	45	16	61	38	45	203
PSMC3	26	11	46	32	51	167
PSMC4	19	10	57	40	35	167
PSMC6	54	16	21	38	79	212
PSMD12	31	18	33	81	49	209
PSMD13	58	35	44	100	28	263
PSMD3	63	29	135	52	119	390
PSMD6	33	14	58	67	70	238
PSMD8	24	15	27	75	19	168
PSMG3	52	27	69	63	31	244
PTCD3	50	21	27	121	15	254
PTGES3	38	17	24	66	23	177
PTPRA	41	18	34	58	23	193
PTPRH	59	43	29	17	24	180
PTPRR	58	42	28	38	34	200
PWP2	40	23	84	82	25	258
QARS	17	11	57	38	49	174
RAB10	29	18	24	62	25	175
RAB31	20	20	38	64	19	172
RAB32	31	17	24	66	20	170
RAB36	30	24	31	43	37	175
RAB3D	23	12	33	21	85	177
RAB7A	24	33	94	64	20	231
RAB8B	71	54	43	39	28	240
RABGEF1	25	16	83	29	94	236
RABGGTB	21	17	93	40	50	227
RAC1	52	27	121	87	65	328
RAD21	49	29	36	62	72	251
RAD51	39	27	80	53	60	276
RAE1	60	35	35	73	30	246
RALGDS	31	20	41	44	46	190
RANGAP1	36	14	72	26	32	175
RAP1GAP2	60	40	52	23	17	190
RASIP1	22	16	67	40	23	171
RASL12	37	25	59	35	16	174
RASSF4	18	12	31	40	62	169
RASSF5	31	17	23	67	77	225
RBBP6	45	31	21	55	16	174
RBBP8	22	15	43	94	29	217
RBL1	39	21	45	67	24	206
RBM17	45	15	34	38	33	168
RBM19	31	24	38	122	22	249
RBM25	49	59	46	73	36	279
RBMS2	28	27	27	119	27	241
RBX1	22	20	48	41	79	221
RCC2	52	14	48	49	22	184
RCL1	48	26	83	126	35	324
RCN1	26	25	29	85	18	195
RDM1	44	24	32	97	22	235
RELB	39	23	30	118	28	244
RFC3	22	25	35	68	27	202
RFC5	37	16	118	72	21	265
RGPD1	32	19	38	39	43	179
RGPD8	57	25	35	61	19	201
RHEB	22	16	33	48	46	174
RHOC	37	18	54	35	35	180
RHOQ	37	24	30	58	33	197
RHPN2	46	12	61	49	35	222
RIF1	29	27	43	93	18	215
RIMBP3C	80	52	22	43	25	229
RINL	27	18	82	42	73	241
RINT1	43	22	31	57	15	181
RIOK2	36	38	41	92	33	232
RIOX2	22	26	75	26	21	178
RNASE1	29	21	42	118	18	234
RNF222	26	13	19	81	19	167
RNF32	26	18	51	61	15	183
RNF8	22	17	22	67	23	167
RNMT	41	25	24	50	31	180
RNPEP	39	37	35	76	17	210
RNPS1	27	25	45	81	28	207
ROMO1	24	14	89	40	32	199
ROR2	25	16	37	76	12	174
RPA1	23	18	33	73	20	170
RPAP1	30	43	45	25	22	174
RPAP3	48	26	29	39	24	181
RPF2	40	20	44	57	34	212
RPL10	30	14	57	75	51	233
RPL12	46	46	53	58	28	232
RPL13	34	23	37	95	38	236
RPL13A	31	20	74	71	65	268
RPL15	31	13	37	82	41	211
RPL17	63	27	61	83	43	284
RPL18	47	27	38	85	34	249
RPL18A	53	32	77	70	44	284
RPL21	41	17	48	75	34	232
RPL23A	49	31	26	88	59	260
RPL26	28	20	39	104	30	236
RPL27	30	24	74	99	28	271
RPL27A	26	20	50	40	32	173
RPL3	24	18	35	67	45	190
RPL31	27	20	42	39	48	191
RPL32	24	18	25	86	21	180
RPL35A	30	14	72	40	41	200
RPL36	31	34	33	59	31	181
RPL36A-HNRNPH2	51	57	20	28	28	184
RPL37	38	21	84	43	69	257
RPL37A	40	43	39	63	20	208
RPL38	27	22	36	43	34	170
RPL7L1	38	22	57	55	34	208
RPL8	31	29	19	61	16	176
RPL9	40	36	49	71	16	212
RPP14	46	56	25	64	20	214
RPP30	25	23	26	65	23	172
RPRML	38	18	25	52	21	169
RPS10	49	31	35	93	38	239
RPS12	42	26	43	72	42	234
RPS13	29	17	58	36	37	185
RPS17	20	15	25	65	36	169
RPS19BP1	60	44	21	43	29	195
RPS23	43	21	50	70	23	216
RPS26	50	29	33	42	32	186
RPS27	36	20	66	77	41	249
RPS27A	29	17	43	59	19	168
RPS29	31	31	41	46	34	190
RPS3A	34	24	39	75	18	198
RPS4X	36	22	37	53	38	195
RPS5	46	36	30	75	93	290
RPS6	25	26	72	34	119	278
RPS6KB1	61	41	33	78	20	249
RPS7	39	17	56	74	33	227
RPS8	37	17	48	34	31	172
RPS9	24	21	41	64	83	237
RPSAP58	67	34	101	88	52	335
RPTOR	58	15	27	51	15	181
RRM1	65	35	65	103	85	345
RRN3	38	16	46	46	22	178
RRP1	41	27	51	98	35	261
RRP7A	34	26	25	61	23	184
RRP9	37	26	32	44	22	168
RRS1	28	24	46	51	66	220
RSU1	48	22	81	33	38	225
RTN1	35	27	28	68	28	195
RUFY2	52	31	17	32	27	171
RUVBL2	47	22	62	95	39	262
SAE1	30	12	47	42	40	185
SAMD14	38	24	25	44	19	171
SAMD4B	20	26	33	60	36	174
SAMM50	66	31	28	19	30	172
SAP18	32	14	57	40	31	173
SART3	22	16	29	101	18	188
SASS6	47	19	58	107	39	284
SAXO2	25	16	26	54	37	173
SCG2	24	20	25	61	37	168
SCNM1	20	21	22	74	24	171
SCTR	37	44	36	39	37	177
SDAD1	52	40	70	133	28	326
SDHAF1	44	12	21	68	25	179
SDR42E2	54	33	73	65	62	289
SEC24C	35	19	46	56	37	211
SEC61B	26	14	47	52	73	213
SEC62	27	15	36	55	30	175
SEMA5B	39	18	25	41	26	170
SENP1	43	30	34	113	14	251
7-Sep	44	32	64	62	28	233
SERTAD2	23	16	49	78	24	187
SERTM1	34	16	23	67	31	186
SETD1A	65	26	38	111	28	275
SETD3	19	16	28	52	86	209
SETSIP	27	18	50	42	29	169
SF1	52	26	37	31	22	173
SF3A2	29	14	37	45	82	219
SF3B3	39	12	113	30	93	286
SF3B4	49	18	47	36	68	211
SF3B5	30	14	128	39	71	285
SFPQ	130	43	146	103	150	577
SFXN1	54	43	44	18	20	180
SGCG	24	16	24	101	20	195
SGF29	21	13	17	86	26	180
SH2D6	22	18	22	73	15	170
SH3GL3	41	24	31	79	24	212
SHBG	25	17	27	77	29	193
SHC1	48	32	34	54	35	215
SIGMAR1	41	24	29	40	39	171
SIPA1L3	27	17	77	53	29	207
SIRT3	24	18	36	25	76	179
SKA1	48	23	40	79	33	234
SKA2	56	26	46	57	25	219
SKAP1	65	44	24	28	19	186
SKIV2L2	40	17	31	68	20	177
SKP2	27	19	44	97	29	216
SLAMF6	38	30	31	42	19	168
SLC22A13	47	53	58	18	12	184
SLC22A15	29	22	29	53	19	167
SLC25A19	35	22	36	53	28	180
SLC25A25	38	14	105	22	21	195
SLC25A46	46	20	39	51	23	182
SLC25A5	39	21	46	63	40	212
SLC35A1	16	12	147	14	15	191
SLC35A2	17	9	99	28	18	169
SLC35E2B	67	83	49	27	27	248
SLC38A1	36	27	46	46	24	190
SLC39A7	38	13	60	58	74	248
SLC8A2	47	21	38	46	19	183
SLFN14	36	26	37	41	22	169
SLX1A	29	19	20	89	16	179
SLX4IP	28	24	45	25	53	184
SMAD6	30	23	25	45	32	167
SMARCA2	31	29	92	32	53	240
SMARCC2	21	21	43	98	35	232
SMC1A	36	19	56	56	38	202
SMC4	42	26	124	108	40	338
SMG5	50	32	22	70	12	194
SMN1	22	10	38	20	84	185
SMN2	32	29	34	68	43	214
SMNDC1	29	27	47	57	54	217
SMPD4	31	30	76	112	60	309
SMU1	42	17	37	45	35	177
SMYD4	40	24	21	45	53	190
SNIP1	33	23	39	40	36	178
SNRNP200	26	18	46	62	36	193
SNRNP35	35	15	24	48	46	174
SNRPA1	28	18	78	58	45	226
SNRPD3	27	17	30	58	26	181
SNRPE	33	19	33	60	28	186
SNUPN	26	17	33	77	25	179
SNW1	39	28	35	49	17	178
SOGA1	44	30	34	67	26	216
SOHLH1	39	24	28	49	22	171
SOX15	35	23	45	42	23	169
SP3	29	17	43	50	18	169
SP7	46	18	30	121	38	251
SPACA6	41	25	50	85	25	233
SPAG5	73	31	33	99	21	275
SPAG6	51	53	29	34	15	179
SPAG9	20	27	86	21	30	185
SPATA5	27	13	26	92	20	189
SPDYE16	48	30	45	38	70	225
SPDYE2B	32	24	69	59	51	234
SPECC1L	53	60	27	65	13	211
SPEG	26	20	24	76	20	167
SPOP	21	17	25	84	21	177
SRP19	31	19	37	61	34	180
SRP72	42	14	83	55	47	239
SRRT	42	15	46	84	109	291
SRSF1	39	25	29	53	35	192
SRSF7	45	38	40	32	22	187
SS18L2	41	14	48	60	21	189
SSSCA1	45	22	51	33	25	179
ST3GAL4	20	19	143	13	14	195
STAC3	49	28	29	48	34	189
STAG2	28	13	29	66	46	187
STAT2	20	20	24	75	27	184
STAT5A	41	23	32	83	16	213
STAT5B	58	19	34	65	19	202
STIL	49	43	58	132	61	346
STMN4	17	19	37	77	17	181
STT3A	25	12	71	25	20	169
STX12	58	51	82	36	17	258
SUPT16H	53	21	58	63	40	232
SURF1	102	100	15	25	25	260
SURF6	29	16	50	89	23	206
SVIL	33	18	29	38	40	169
SYTL1	30	28	65	56	38	229
TACC3	49	18	37	47	22	184
TACR1	48	28	22	44	22	167
TADA1	35	18	16	52	90	221
TAF1C	63	34	58	95	52	306
TANGO6	32	21	66	48	36	211
TARDBP	48	29	39	83	23	231
TATDN2	46	18	28	109	45	260
TBCD	37	19	28	87	43	225
TBL3	39	16	46	83	28	210
TBX19	34	23	30	22	57	171
TCERG1	42	24	33	39	35	181
TCFL5	26	30	27	40	38	175
TCL1A	40	17	42	75	50	237
TDG	31	19	48	60	23	185
TECR	26	36	33	90	23	228
TELO2	55	47	64	102	23	294
TERF1	42	21	35	53	63	224
TERF2	43	21	22	84	20	188
TFRC	33	24	31	73	14	181
TGIF1	31	16	44	47	68	199
THAP12	69	20	30	38	24	182
THAP8	29	16	78	45	38	202
THOC6	49	18	41	59	17	190
TICAM1	25	20	82	61	55	252
TIGD5	30	13	50	47	22	174
TIMELESS	40	40	30	43	16	188
TIMM44	35	16	73	33	55	218
TJP2	32	18	36	88	20	210
TLE3	32	12	72	36	35	184
TLN1	43	18	87	88	64	299
TM7SF3	72	32	32	31	18	185
TM9SF4	49	35	26	64	18	196
TMC2	23	16	33	60	27	171
TMEM178A	28	21	19	25	93	186
TMEM18	33	24	52	34	35	192
TMEM185B	25	12	31	23	76	175
TMEM2	32	19	27	78	23	179
TMEM230	35	16	100	58	30	235
TMEM258	23	20	112	27	19	209
TMEM91	29	17	29	56	23	168
TMPPE	46	21	42	92	19	224
TMSB10	37	17	44	82	23	197
TMTC3	45	59	22	39	29	188
TMTC4	63	48	55	36	19	234
TNPO1	73	24	152	63	82	388
TNS2	30	25	29	58	19	172
TOMM22	112	17	58	38	46	266
TOMM40	69	24	58	46	66	270
TOP3B	37	21	33	35	34	171
TP53TG3D	22	18	36	86	22	190
TP53TG3F	33	21	83	66	25	248
TPI1	47	37	34	51	34	212
TPX2	37	27	29	74	25	197
TRA2B	25	17	32	61	29	168
TRABD2A	42	22	30	61	26	191
TRAIP	42	21	42	39	29	187
TRIM48	37	19	39	87	20	204
TRIM49	31	12	46	47	37	174
TRIM55	21	17	72	38	30	174
TRIP13	41	25	31	125	23	259
TRMT10C	24	17	43	53	29	180
TRNAU1AP	50	33	46	29	25	184
TRPV4	31	15	47	75	19	198
TRRAP	21	22	42	61	18	176
TSEN15	51	24	43	64	34	225
TSFM	25	24	35	69	41	198
TSHZ3	45	18	33	47	18	167
TSNAX	42	18	42	47	13	168
TSPAN9	37	18	24	73	16	172
TSR1	29	21	39	55	27	177
TSR3	26	14	52	61	14	180
TSSK4	30	23	54	67	16	193
TTC32	37	23	30	67	18	182
TTC9C	28	17	37	35	48	174
TTF1	22	17	23	85	19	171
TTK	47	24	26	72	31	207
TTN	59	42	36	18	15	173
TUBA1B	52	30	29	65	17	198
TUBA1C	46	25	33	95	32	238
TUBB	51	36	55	118	39	295
TUBB8P12	43	20	29	56	23	186
TUBGCP2	36	16	34	75	28	189
TUBGCP3	33	28	55	131	45	295
TUBGCP5	51	28	85	99	45	306
TUT1	59	30	48	54	15	220
TWISTNB	22	29	24	28	62	170
TXN	15	18	31	75	25	177
TXNL4A	53	22	35	69	53	233
UAP1	33	17	24	54	34	172
UBA1	34	22	33	75	79	236
UBA3	32	11	48	35	60	180
UBA52	41	22	54	53	21	192
UBB	39	34	53	31	43	194
UBE2C	47	22	50	127	19	270
UBE2I	29	18	57	42	21	167
UBE2Q2L	31	19	27	60	35	173
UBE2S	35	14	76	43	70	236
UBFD1	31	23	45	104	22	235
UBL5	69	28	36	94	28	262
UBTF	26	20	27	70	25	178
UGT1A7	58	34	16	76	24	218
UNC119	19	14	71	47	45	200
UPF2	25	15	38	68	30	190
UPK1A	62	33	75	92	30	309
UQCRHL	30	22	34	76	14	198
URB1	24	25	31	82	21	190
USF2	22	16	19	42	63	174
USP17L29	54	34	87	98	31	300
USP17L30	23	12	68	47	46	203
USP21	27	15	27	34	78	190
USP25	22	15	36	95	16	187
USP5	44	19	52	65	36	221
UTP11L	41	48	45	101	33	267
UTP14A	31	18	28	32	53	169
UTP23	33	24	40	71	25	212
UTP3	33	17	41	91	21	200
UTP6	45	35	76	121	81	360
VAMP7	69	35	41	38	29	211
VAMP8	37	28	39	62	23	205
VARS2	74	71	24	23	18	201
VAT1	47	28	23	46	20	176
VIM	75	29	31	50	23	221
VOPP1	33	13	42	57	56	208
VPS18	40	12	97	34	13	187
VPS28	23	12	120	35	81	258
VPS33A	50	38	21	57	19	191
VPS52	39	21	118	47	22	241
VTN	37	23	25	76	30	197
WASF2	32	12	45	36	51	185
WDHD1	39	28	57	107	38	284
WDPCP	25	22	25	67	22	169
WDR1	13	9	26	38	118	213
WDR18	39	41	43	65	15	210
WDR25	30	14	43	25	64	177
WDR3	51	46	43	67	21	232
WDR43	39	24	36	74	24	222
WDR45B	22	19	30	62	28	171
WDR46	28	16	29	96	19	202
WDR70	23	12	29	47	53	176
WDR73	59	29	24	52	17	179
WDR77	38	20	48	58	22	195
WDR81	22	21	50	49	43	181
WDR82	24	12	38	37	46	167
WNK1	94	25	30	44	73	269
WNT3	71	53	35	56	22	235
WSB1	50	20	54	53	40	226
WTH3DI	30	12	27	63	33	172
WTIP	44	23	85	36	49	246
WWP1	30	17	33	70	22	181
WWP2	25	12	21	62	43	180
XPO1	41	27	41	39	22	184
XPOT	26	20	33	94	25	210
XRN2	36	33	29	56	19	174
YKT6	30	26	27	65	23	176
YRDC	36	23	51	45	16	191
YWHAE	63	23	57	43	45	242
ZC3H10	73	34	54	53	19	231
ZCCHC6	37	12	91	26	69	233
ZCRB1	27	32	33	66	25	191
ZDHHC11B	23	25	30	65	28	187
ZDHHC12	33	11	58	31	57	185
ZFAND2A	66	53	42	44	18	221
ZFAND5	18	15	29	60	32	172
ZFHX3	32	16	57	45	32	179
ZG16B	20	26	32	79	12	175
ZKSCAN1	40	24	33	43	19	169
ZNF207	23	24	50	83	32	213
ZNF232	25	18	47	66	19	184
ZNF318	40	34	44	97	26	249
ZNF34	48	28	53	63	21	215
ZNF382	36	21	41	59	29	194
ZNF473	34	19	40	55	18	183
ZNF490	52	48	38	25	31	201
ZNF524	66	27	34	39	48	227
ZNF547	35	20	27	69	13	171
ZNF576	44	34	34	45	29	189
ZNF76	38	26	54	68	32	216
ZNF778	52	24	29	87	20	222
ZNF780A	41	18	44	76	32	218
ZNF786	54	27	16	53	28	183
ZNF839	20	17	40	68	27	180
ZNHIT3	46	26	24	68	20	189
ZSCAN2	24	25	23	100	12	190
ZSCAN21	23	15	35	73	30	186
ZSCAN22	34	20	48	73	16	193
